Match ID,Competition,Stage,Group,Match Number,Date,Kick-off Time,Team,Opponent,Goals For,Goals Against,Result Code,Goal Scorers,Possession,Possession in Contest,Goals - Total,Goals - Conceded,Goals - Inside the Penalty Area,Goals - Outside the Penalty Area,Assists,Attempts at Goal - Total,Attempts at Goal - On Target,Attempts at Goal - Off Target,Attempts at Goal - Inside the Penalty Area,Attempts at Goal - Outside the Penalty Area,Final Third Entries - Left Channel,Final Third Entries - Left Inside Channel,Final Third Entries - Central Channel,Final Third Entries - Right Inside Channel,Final Third Entries - Right Channel,Offers to Receive - Total,Offers to Receive - In Behind,Offers to Receive - In Between,Offers to Receive - In Front,Receptions Between Midfield and Defensive Lines,Receptions Behind the Defensive Line,Attempted Line Breaks,Completed Line Breaks,Attempted Defensive Line Breaks,Completed Defensive Line Breaks,Yellow Cards,Red Cards,Fouls Against,Offsides,Passes,Passes Completed,Crosses,Crosses Completed,Switches of Play Completed,Corners,Free Kicks,Penalties Scored,Own Goals,Forced Turnovers,Pressing Applied,Source URL
400021447,FIFA World Cup 2026,First Stage,Group B,8,6/13/2026,14:00,Qatar,Switzerland,1,1,1,Miro MUHEIM 90+4' (OG),28.79,15,1,1,0,0,0,6,3,2,4,2,11,4,2,0,8,216,61,95,60,47,5,150,68,16,2,2,0,12,0,289,213,8,1,4,3,12,0,0,36,294,https://www.fifa.com/en/match-centre/match/17/285023/289273/400021447
400021447,FIFA World Cup 2026,First Stage,Group B,8,6/13/2026,14:00,Switzerland,Qatar,1,1,1,Breel EMBOLO 17' (P),58.74,15,1,1,1,0,0,26,7,10,18,8,30,13,17,6,28,325,118,117,90,143,20,189,144,30,17,1,0,11,1,591,542,34,7,5,10,11,1,1,42,165,https://www.fifa.com/en/match-centre/match/17/285023/289273/400021447
400021443,FIFA World Cup,First Stage,Group A,1,6/11/2026,14:00,Mexico,South Africa,2,0,2,"Julian QUINONES 9', Raul JIMENEZ 67'",57.09,8,2,0,2,0,2,16,4,8,9,7,16,7,7,7,12,424,97,179,148,116,11,170,121,19,10,1,1,12,1,547,495,13,3,8,3,12,0,0,31,170,https://www.fifa.com/en/match-centre/match/17/285023/289273/400021443
400021443,FIFA World Cup,First Stage,Group A,1,6/11/2026,14:00,South Africa,Mexico,0,2,0,,36.09,8,0,2,0,0,0,3,2,1,1,2,6,4,3,2,11,247,60,85,102,38,5,130,70,12,3,2,2,11,1,351,290,8,0,6,1,13,0,0,32,306,https://www.fifa.com/en/match-centre/match/17/285023/289273/400021443
400021441,FIFA World Cup,First Stage,Group A,2,6/11/2026,21:00,Korea Republic,Czechia,2,1,2,"HWANG Inbeom 67', OH Hyeongyu 80'",55.78,11,2,1,2,0,2,15,6,6,10,5,13,8,8,14,15,386,89,123,174,96,14,161,106,20,10,1,0,9,2,542,483,17,6,5,4,18,0,0,30,147,https://www.fifa.com/en/match-centre/match/17/285023/289273/400021441
400021441,FIFA World Cup,First Stage,Group A,2,6/11/2026,21:00,Czechia,Korea Republic,1,2,0,Ladislav KREJCI 59',34.17,11,1,2,1,0,1,7,4,2,5,2,7,5,8,7,11,197,82,66,49,86,5,150,61,13,5,0,0,16,2,327,241,15,4,2,5,11,0,0,40,301,https://www.fifa.com/en/match-centre/match/17/285023/289273/400021441
400021449,FIFA World Cup,First Stage,Group B,3,6/12/2026,14:00,Canada,Bosnia and Herzegovina,1,1,1,Cyle LARIN 78',52.81,20,1,1,1,0,1,13,4,6,10,3,22,15,9,5,23,294,128,114,52,119,15,190,110,31,16,2,0,10,1,412,316,30,5,2,9,20,0,0,50,160,https://www.fifa.com/en/match-centre/match/17/285023/289273/400021449
400021449,FIFA World Cup,First Stage,Group B,3,6/12/2026,14:00,Bosnia and Herzegovina,Canada,1,1,1,Jovo LUKIC 21',29.89,20,1,1,1,0,1,8,3,4,5,3,8,2,11,4,11,126,33,65,28,75,5,154,70,15,4,3,0,20,0,279,186,8,5,1,4,11,0,0,51,203,https://www.fifa.com/en/match-centre/match/17/285023/289273/400021449
400021458,FIFA World Cup,First Stage,Group D,4,6/12/2026,20:00,USA,Paraguay,4,1,2,"Damian BOBADILLA 7' (OG), Folarin BALOGUN 31', Folarin BALOGUN 45+5', Giovanni REYNA 90+8'",59.47,13,4,1,3,0,3,16,6,6,13,3,30,9,12,6,27,471,127,203,141,159,21,223,163,38,25,1,0,13,2,602,520,23,5,4,3,18,0,0,50,204,https://www.fifa.com/en/match-centre/match/17/285023/289273/400021458
400021458,FIFA World Cup,First Stage,Group D,4,6/12/2026,20:00,Paraguay,USA,1,4,0,MAURICIO 73',28.74,13,1,4,1,0,1,9,1,4,4,5,7,2,4,4,5,204,38,89,77,44,4,130,60,7,3,5,0,17,1,316,234,5,0,5,1,15,0,1,49,360,https://www.fifa.com/en/match-centre/match/17/285023/289273/400021458
400021453,FIFA World Cup,First Stage,Group C,5,6/13/2026,20:00,Haiti,Scotland,0,1,0,,51.63,9,0,1,0,0,0,15,2,9,8,7,37,6,8,8,11,267,105,94,68,83,3,142,96,12,4,1,0,23,3,431,378,26,5,4,4,22,0,0,29,185,https://www.fifa.com/en/match-centre/match/17/285023/289273/400021453
400021453,FIFA World Cup,First Stage,Group C,5,6/13/2026,20:00,Scotland,Haiti,1,0,2,John McGinn 28',40.48,9,1,0,1,0,0,9,2,6,8,1,14,6,4,1,20,329,94,136,99,78,7,167,104,18,6,3,0,21,1,397,324,16,6,4,3,26,0,0,35,230,https://www.fifa.com/en/match-centre/match/17/285023/289273/400021453
400021463,FIFA World Cup,First Stage,Group D,6,6/13/2026,23:00,Australia,Turkey,2,0,2,"Nestory IRANKUNDA 27', Connor METCALFE 75'",27.03,11,2,0,1,1,1,9,4,4,6,3,4,3,7,8,15,193,42,90,61,60,10,130,71,21,10,0,0,12,1,293,224,14,6,1,5,7,0,0,35,384,https://www.fifa.com/en/match-centre/match/17/285023/289273/400021463
400021463,FIFA World Cup,First Stage,Group D,6,6/13/2026,23:00,Turkey,Australia,0,2,0,,62.88,11,0,2,0,0,0,30,7,14,13,17,39,9,2,12,29,533,161,163,209,130,13,194,146,25,15,1,0,4,3,722,663,28,2,4,8,13,0,0,30,170,https://www.fifa.com/en/match-centre/match/17/285023/289273/400021463
400021456,FIFA World Cup,First Stage,Group C,7,6/13/2026,17:00,Brazil,Morocco,1,1,1,VINICIUS JUNIOR 32',46.69,9,1,1,1,0,1,12,5,2,9,3,22,5,7,4,14,348,79,147,122,61,10,154,107,18,11,2,0,16,0,514,457,19,7,5,6,15,0,0,41,315,https://www.fifa.com/en/match-centre/match/17/285023/289273/400021456
400021456,FIFA World Cup,First Stage,Group C,7,6/13/2026,17:00,Morocco,Brazil,1,1,1,Ismael SAIBARI 21',45.19,9,1,1,0,1,1,14,3,4,6,8,10,7,10,6,20,400,115,169,116,128,5,179,96,15,5,0,0,14,1,503,431,14,2,3,2,16,0,0,50,285,https://www.fifa.com/en/match-centre/match/17/285023/289273/400021456
400021467,FIFA World Cup,First Stage,Group E,9,6/14/2026,18:00,Cabo Verde,Ecuador,1,0,2,Amad DIALLO 90',41.94,10,1,0,1,0,1,15,4,8,8,7,11,7,6,2,25,333,87,174,72,102,8,177,132,18,11,3,0,10,0,471,413,15,3,1,3,13,0,0,44,288,https://www.fifa.com/en/match-centre/match/17/285023/289273/400021467
400021467,FIFA World Cup,First Stage,Group E,9,6/14/2026,18:00,Ecuador,Cabo Verde,0,1,0,,49.87,10,0,1,0,0,0,12,1,10,5,7,16,4,8,4,17,339,77,149,113,113,7,191,124,20,8,1,0,13,0,513,438,14,3,2,5,10,0,0,49,280,https://www.fifa.com/en/match-centre/match/17/285023/289273/400021467
400021464,FIFA World Cup,First Stage,Group E,10,6/14/2026,12:00,Germany,Curacao,7,1,2,"Felix NMECHA 6', Nico SCHLOTTERBECK 38', Kai HAVERTZ 45+5' (P), Jamal MUSIALA 47', Nathaniel BROWN 68', Deniz UNDAV 78', Kai HAVERTZ 88'",57.8,9,7,1,7,0,6,26,12,7,22,4,20,9,23,3,26,445,124,181,140,152,17,190,144,28,18,0,0,18,0,641,569,20,7,3,8,11,1,0,46,227,https://www.fifa.com/en/match-centre/match/17/285023/289273/400021464
400021464,FIFA World Cup,First Stage,Group E,10,6/14/2026,12:00,Curacao,Germany,1,7,0,Livano COMENENCIA 21',35.32,9,1,7,1,0,0,8,2,5,4,4,16,1,4,6,13,241,83,103,55,77,6,147,84,15,6,0,0,11,1,362,291,5,2,4,1,18,0,0,43,339,https://www.fifa.com/en/match-centre/match/17/285023/289273/400021464
400021470,FIFA World Cup,First Stage,Group F,11,6/14/2026,15:00,Netherlands,Japan,2,2,1,"Virgil VAN DIJK 50', Crysencio SUMMERVILLE 64'",54.86,9,2,2,2,0,2,10,6,4,10,0,18,8,10,9,18,298,85,91,122,95,11,153,109,20,13,3,0,7,1,529,473,23,8,0,5,7,0,0,33,194,https://www.fifa.com/en/match-centre/match/17/285023/289273/400021470
400021470,FIFA World Cup,First Stage,Group F,11,6/14/2026,15:00,Japan,Netherlands,2,2,1,"Keito Nakamura 57', Daichi KAMADA 88'",37.45,9,2,2,1,1,2,9,2,5,5,4,16,6,4,7,16,342,101,121,120,79,11,138,88,20,13,0,0,7,0,356,302,24,7,2,4,8,0,0,28,316,https://www.fifa.com/en/match-centre/match/17/285023/289273/400021470
400021474,FIFA World Cup,First Stage,Group F,12,6/14/2026,21:00,Sweden,Tunisia,5,1,2,"Yasin AYARI 7', Alexander Isak 30', Viktor GYOKERES 59', Mattias SVANBERG 84', Yasin AYARI 90+6'",47.39,11,5,1,3,2,4,13,7,4,10,3,19,3,8,3,23,250,62,85,103,77,14,161,92,24,13,0,0,10,3,356,290,12,3,5,4,14,0,0,42,172,https://www.fifa.com/en/match-centre/match/17/285023/289273/400021474
400021474,FIFA World Cup,First Stage,Group F,12,6/14/2026,21:00,Tunisia,Sweden,1,5,0,Omar Rekik 43',42.67,11,1,5,1,0,1,6,2,2,2,4,10,3,9,9,11,362,97,192,73,81,5,153,89,16,5,1,0,8,6,370,299,13,3,8,2,13,0,0,41,223,https://www.fifa.com/en/match-centre/match/17/285023/289273/400021474
400021486,FIFA World Cup,First Stage,Group H,13,6/15/2026,17:00,Saudi Arabia,Uruguay,1,1,1,Abdulelah ALAMRI 41',27.1,10,1,1,1,0,0,7,3,3,3,4,5,4,5,1,6,201,51,99,51,79,5,134,61,13,3,1,0,11,0,331,243,6,2,2,4,12,0,0,44,318,https://www.fifa.com/en/match-centre/match/17/285023/289273/400021486
400021486,FIFA World Cup,First Stage,Group H,13,6/15/2026,17:00,Uruguay,Saudi Arabia,1,1,1,Maxi ARAUJO 80',63.33,10,1,1,1,0,0,27,10,9,16,11,22,12,14,3,25,538,186,174,178,121,15,192,155,21,16,0,0,6,6,623,566,42,12,6,14,11,0,0,39,157,https://www.fifa.com/en/match-centre/match/17/285023/289273/400021486
400021482,FIFA World Cup,First Stage,Group H,14,6/15/2026,11:00,Spain,Cabo Verde,0,0,1,,65.66,10,0,0,0,0,0,27,7,11,16,11,36,13,18,14,38,634,194,172,268,181,29,210,176,34,28,1,0,10,2,811,755,39,8,8,11,4,0,0,53,200,https://www.fifa.com/en/match-centre/match/17/285023/289273/400021482
400021482,FIFA World Cup,First Stage,Group H,14,6/15/2026,11:00,Cabo Verde,Spain,0,0,1,,25.4,10,0,0,0,0,0,6,1,4,2,4,6,0,3,0,3,238,54,115,69,45,1,132,64,12,1,1,0,1,3,306,227,3,2,2,1,12,0,0,47,398,https://www.fifa.com/en/match-centre/match/17/285023/289273/400021482
400021476,FIFA World Cup,First Stage,Group G,15,6/15/2026,20:00,Iran,New Zealand,2,2,1,"Ramin REZAEIAN 32', Mohammad MOHEBBI 64'",43.31,12,2,2,2,0,1,17,4,7,10,7,18,7,7,7,10,355,90,126,139,79,17,166,94,24,15,1,0,10,2,417,333,18,4,4,4,8,0,0,46,253,https://www.fifa.com/en/match-centre/match/17/285023/289273/400021476
400021476,FIFA World Cup,First Stage,Group G,15,6/15/2026,20:00,New Zealand,Iran,2,2,1,"Elijah JUST 7', Elijah JUST 54'",45.28,12,2,2,2,0,2,14,8,3,10,4,15,7,9,1,11,396,88,180,128,118,3,144,108,8,3,0,0,8,0,448,378,11,2,1,1,11,0,0,47,234,https://www.fifa.com/en/match-centre/match/17/285023/289273/400021476
400021478,FIFA World Cup,First Stage,Group G,16,6/15/2026,14:00,Belgium,Egypt,1,1,1,MOHAMED HANY 66' (OG),52,10,1,1,0,0,0,15,3,8,9,6,,,,,,,,,,,,,,,,2,0,15,0,476,404,14,5,,2,16,0,0,27,,https://www.fifa.com/en/match-centre/match/17/285023/289273/400021478
400021478,FIFA World Cup,First Stage,Group G,16,6/15/2026,14:00,Egypt,Belgium,1,1,1,EMAM ASHOUR 19',38,10,1,1,0,1,1,14,3,6,7,7,,,,,,,,,,,,,,,,2,0,15,1,413,330,13,2,,7,15,0,1,28,,https://www.fifa.com/en/match-centre/match/17/285023/289273/400021478
400021490,FIFA World Cup,First Stage,Group I,17,6/16/2026,14:00,France,Senegal,3,1,2,"Kylian MBAPPE 66', Bradley BARCOLA 82', Kylian MBAPPE 90+6'",49.37,7,3,1,2,1,2,11,8,1,7,4,26,3,9,6,15,373,106,114,153,87,10,202,138,24,11,0,0,5,1,584,516,9,0,4,6,12,0,0,54,277,https://www.fifa.com/en/match-centre/match/17/285023/289273/400021490
400021490,FIFA World Cup,First Stage,Group I,17,6/16/2026,14:00,Senegal,France,1,3,0,Ibrahim MBAYE 90+5',44.45,7,1,3,1,0,1,6,2,3,4,2,9,5,4,9,19,350,106,140,104,84,11,194,127,20,11,0,0,9,3,521,453,11,2,8,4,6,0,0,39,308,https://www.fifa.com/en/match-centre/match/17/285023/289273/400021490
400021488,FIFA World Cup,First Stage,Group I,18,6/16/2026,17:00,Iraq,Norway,1,4,0,AYMEN HUSSEIN 39',34.71,10,1,4,1,0,1,11,1,9,8,3,10,5,6,3,6,310,108,123,79,64,12,146,82,21,11,1,0,12,1,347,286,9,3,4,2,13,0,1,42,288,https://www.fifa.com/en/match-centre/match/17/285023/289273/400021488
400021488,FIFA World Cup,First Stage,Group I,18,6/16/2026,17:00,Norway,Iraq,4,1,2,"Erling HAALAND 29', Erling HAALAND 43', Leo OSTIGARD 76', AYMEN HUSSEIN 90+6' (OG)",57.2,10,4,1,3,0,2,11,5,5,10,1,17,6,9,7,18,355,73,133,149,90,17,189,136,30,16,0,0,13,0,548,493,17,6,3,5,13,0,0,31,173,https://www.fifa.com/en/match-centre/match/17/285023/289273/400021488
400021496,FIFA World Cup,First Stage,Group J,19,6/16/2026,20:00,Argentina,Algeria,3,0,2,"Lionel MESSI 17', Lionel MESSI 60', Lionel MESSI 76'",44.62,6,3,0,1,2,2,10,6,3,3,7,14,5,8,6,5,421,81,175,165,84,8,158,115,11,8,0,0,13,3,578,517,5,1,2,2,8,0,0,46,288,https://www.fifa.com/en/match-centre/match/17/285023/289273/400021496
400021496,FIFA World Cup,First Stage,Group J,19,6/16/2026,20:00,Algeria,Argentina,0,3,0,,50.82,6,0,3,0,0,0,7,1,4,3,4,24,10,8,8,13,472,101,221,150,88,6,159,127,13,7,0,0,8,1,634,578,8,0,5,2,16,0,0,40,332,https://www.fifa.com/en/match-centre/match/17/285023/289273/400021496
400021498,FIFA World Cup,First Stage,Group J,20,6/16/2026,23:00,Austria,Jordan,3,1,2,"Romano SCHMID 20', YAZAN ALARAB 76' (OG), Marko ARNAUTOVIC 90+12' (P)",53.34,14,3,1,1,1,1,10,4,4,5,5,26,10,10,8,14,468,111,201,156,116,15,197,134,20,14,1,0,12,3,587,499,17,4,2,4,7,1,0,54,206,https://www.fifa.com/en/match-centre/match/17/285023/289273/400021498
400021498,FIFA World Cup,First Stage,Group J,20,6/16/2026,23:00,Jordan,Austria,1,3,0,ALI OLWAN 50',33.02,14,1,3,1,0,1,11,4,4,7,4,18,3,3,3,13,295,92,117,86,79,5,153,77,11,4,0,0,7,1,344,254,15,4,5,3,15,0,1,55,322,https://www.fifa.com/en/match-centre/match/17/285023/289273/400021498
400021510,FIFA World Cup,First Stage,Group L,21,6/17/2026,18:00,Ghana,Panama,1,0,2,Caleb YIRENKYI 90+5',35.58,10,1,0,1,0,1,7,2,3,6,1,17,5,5,5,17,226,76,69,81,77,13,146,94,20,12,1,0,9,4,362,304,17,6,7,2,12,0,0,49,294,https://www.fifa.com/en/match-centre/match/17/285023/289273/400021510
400021510,FIFA World Cup,First Stage,Group L,21,6/17/2026,18:00,Panama,Ghana,0,1,0,,55.55,10,0,1,0,0,0,11,4,4,6,5,26,3,5,5,14,424,95,182,147,85,9,213,123,19,8,2,0,11,1,597,526,21,3,11,2,13,0,0,48,201,https://www.fifa.com/en/match-centre/match/17/285023/289273/400021510
400021507,FIFA World Cup,First Stage,Group L,22,6/17/2026,15:00,England,Croatia,4,2,2,"Harry KANE 12' (P), Harry KANE 42', Jude BELLINGHAM 47', Marcus RASHFORD 85'",48.99,9,4,2,4,0,3,22,11,5,20,2,8,4,8,1,16,399,98,148,153,82,12,153,94,22,11,0,0,10,0,482,421,15,8,0,8,12,1,0,36,262,https://www.fifa.com/en/match-centre/match/17/285023/289273/400021507
400021507,FIFA World Cup,First Stage,Group L,22,6/17/2026,15:00,Croatia,England,2,4,0,"Martin BATURINA 36', Petar Musa 45+5'",43.5,9,2,4,1,1,2,10,5,3,4,6,13,4,9,3,8,280,81,112,87,79,7,160,99,19,8,0,0,12,1,459,399,12,2,3,2,10,0,0,35,295,https://www.fifa.com/en/match-centre/match/17/285023/289273/400021507
400021502,FIFA World Cup,First Stage,Group K,23,6/17/2026,12:00,Portugal,Congo DR,1,1,1,JOAO NEVES 6',68.85,7,1,1,1,0,1,7,1,4,5,2,31,4,1,3,30,491,167,173,151,144,19,225,171,28,18,3,0,9,3,804,740,23,6,12,5,12,0,0,29,183,https://www.fifa.com/en/match-centre/match/17/285023/289273/400021502
400021502,FIFA World Cup,First Stage,Group K,23,6/17/2026,12:00,Congo DR,Portugal,1,1,1,Yoane WISSA 45+5',25.35,7,1,1,1,0,1,8,2,5,2,6,6,7,3,6,12,253,77,106,70,73,3,141,65,19,4,1,0,10,2,268,214,10,1,3,4,12,0,0,42,407,https://www.fifa.com/en/match-centre/match/17/285023/289273/400021502
400021504,FIFA World Cup,First Stage,Group K,24,6/17/2026,21:00,Uzbekistan,Colombia,1,3,0,Abbosbek FAYZULLAEV 60',33.94,11,1,3,1,0,0,8,2,3,4,4,13,9,1,5,5,289,66,139,84,63,6,157,87,17,6,1,0,14,0,334,267,11,2,7,3,14,0,0,32,264,https://www.fifa.com/en/match-centre/match/17/285023/289273/400021504
400021504,FIFA World Cup,First Stage,Group K,24,6/17/2026,21:00,Colombia,Uzbekistan,3,1,2,"Daniel MUNOZ 40', Luis DIAZ 65', Jaminton CAMPAZ 90+9'",56.7,11,3,1,3,0,3,15,4,7,9,6,15,7,11,3,15,461,116,175,170,88,5,155,81,21,3,1,0,11,3,534,469,18,6,8,4,14,0,0,31,160,https://www.fifa.com/en/match-centre/match/17/285023/289273/400021504
400021440,FIFA World Cup,First Stage,Group A,25,6/18/2026,11:00,Czechia,South Africa,1,1,1,Michal SADILEK 6',32.37,8,1,1,1,0,1,14,3,5,11,3,18,7,7,3,7,261,76,119,66,89,7,174,105,17,6,1,0,12,2,352,279,15,8,4,5,13,0,0,41,343,https://www.fifa.com/en/match-centre/match/17/285023/289273/400021440
400021440,FIFA World Cup,First Stage,Group A,25,6/18/2026,11:00,South Africa,Czechia,1,1,1,Teboho MOKOENA 83' (P),60.27,8,1,1,1,0,0,17,4,6,6,11,14,8,7,10,15,472,138,181,153,95,8,193,127,14,8,2,0,10,3,584,518,16,3,6,5,13,1,0,44,233,https://www.fifa.com/en/match-centre/match/17/285023/289273/400021440
400021446,FIFA World Cup,First Stage,Group B,26,6/18/2026,14:00,Switzerland,Bosnia and Herzegovina,4,1,2,"Johan MANZAMBI 74', Ruben VARGAS 84', Johan MANZAMBI 90', Granit XHAKA 90+7' (P)",57.78,10,4,1,4,0,2,13,7,6,9,4,29,14,9,6,10,464,147,173,144,109,18,206,136,27,18,1,0,7,3,601,531,24,1,6,7,18,1,0,46,234,https://www.fifa.com/en/match-centre/match/17/285023/289273/400021446
400021446,FIFA World Cup,First Stage,Group B,26,6/18/2026,14:00,Bosnia and Herzegovina,Switzerland,1,4,0,Ermin MAHMIC 90+3',34.12,10,1,4,1,0,0,5,3,0,3,2,17,2,2,1,5,205,49,82,74,57,5,155,77,16,6,2,1,17,1,359,289,14,1,3,3,10,0,0,42,339,https://www.fifa.com/en/match-centre/match/17/285023/289273/400021446
400021450,FIFA World Cup,First Stage,Group B,27,6/18/2026,17:00,Canada,Qatar,6,0,2,"Cyle LARIN 16', Jonathan DAVID 29', Jonathan DAVID 45+3', Nathan SALIBA 64', MOHAMED MANAI 75' (OG), Jonathan DAVID 90+2'",65.82,15,6,0,4,1,1,33,11,10,21,12,20,5,15,11,37,502,158,138,206,150,29,172,148,28,23,1,0,9,1,575,535,61,15,3,19,11,0,0,31,107,https://www.fifa.com/en/match-centre/match/17/285023/289273/400021450
400021450,FIFA World Cup,First Stage,Group B,27,6/18/2026,17:00,Qatar,Canada,0,6,0,,20.46,15,0,6,0,0,0,2,0,2,1,1,4,1,0,1,4,94,25,41,28,26,3,102,31,17,3,1,2,10,1,166,107,2,1,0,1,10,0,1,23,274,https://www.fifa.com/en/match-centre/match/17/285023/289273/400021450
400021442,FIFA World Cup,First Stage,Group A,28,6/18/2026,20:00,Mexico,Korea Republic,1,0,2,Luis ROMO 50',40.83,9,1,0,1,0,0,8,4,3,5,3,11,3,7,2,3,456,115,192,149,84,4,173,90,19,4,0,0,9,3,432,360,5,3,1,0,13,0,0,46,265,https://www.fifa.com/en/match-centre/match/17/285023/289273/400021442
400021442,FIFA World Cup,First Stage,Group A,28,6/18/2026,20:00,Korea Republic,Mexico,0,1,0,,51.82,9,0,1,0,0,0,9,2,4,6,3,16,4,5,3,13,381,79,126,176,73,10,182,92,21,9,2,0,7,6,593,510,8,4,4,2,12,0,0,48,217,https://www.fifa.com/en/match-centre/match/17/285023/289273/400021442
400021457,FIFA World Cup,First Stage,Group C,29,6/19/2026,19:30,Brazil,Haiti,3,0,2,"MATHEUS CUNHA 23', MATHEUS CUNHA 36', VINICIUS JUNIOR 45+3'",49.02,8,3,0,3,0,2,7,4,2,6,1,10,9,8,7,10,437,123,193,121,97,14,180,131,23,13,1,0,13,8,551,484,11,3,5,4,18,0,0,39,195,https://www.fifa.com/en/match-centre/match/17/285023/289273/400021457
400021457,FIFA World Cup,First Stage,Group C,29,6/19/2026,19:30,Haiti,Brazil,0,3,0,,43.19,8,0,3,0,0,0,7,3,3,4,3,20,5,7,4,14,402,110,170,122,75,9,164,104,20,10,3,0,14,4,402,338,13,3,8,4,21,0,0,34,294,https://www.fifa.com/en/match-centre/match/17/285023/289273/400021457
400021454,FIFA World Cup,First Stage,Group C,30,6/19/2026,17:00,Scotland,Morocco,0,1,0,,39.1,7,0,1,0,0,0,6,0,4,5,1,11,4,7,7,14,354,67,118,169,72,2,154,102,15,5,1,0,11,1,460,403,13,2,5,2,8,0,0,39,304,https://www.fifa.com/en/match-centre/match/17/285023/289273/400021454
400021454,FIFA World Cup,First Stage,Group C,30,6/19/2026,17:00,Morocco,Scotland,1,0,2,Ismael SAIBARI 2',54.78,7,1,0,1,0,1,12,2,6,9,3,16,4,4,7,14,460,104,129,227,87,10,164,95,18,8,1,0,8,0,676,612,13,3,3,5,11,0,0,40,260,https://www.fifa.com/en/match-centre/match/17/285023/289273/400021454
400021460,FIFA World Cup,First Stage,Group D,31,6/19/2026,22:00,Turkey,Paraguay,0,1,0,,67.71,14,0,1,0,0,0,32,5,17,17,15,45,13,12,17,32,467,163,156,148,154,17,239,179,27,17,1,0,14,2,666,594,45,9,9,12,18,0,0,41,101,https://www.fifa.com/en/match-centre/match/17/285023/289273/400021460
400021460,FIFA World Cup,First Stage,Group D,31,6/19/2026,22:00,Paraguay,Turkey,1,0,2,Matias GALARZA 2',19.18,14,1,0,0,1,1,7,2,2,3,4,7,5,5,2,8,97,32,51,14,66,4,119,57,12,3,1,1,15,3,171,92,9,2,1,0,16,0,0,50,367,https://www.fifa.com/en/match-centre/match/17/285023/289273/400021460
400021462,FIFA World Cup,First Stage,Group D,32,6/19/2026,14:00,USA,Australia,2,0,2,"Cameron BURGESS 11' (OG), Alex FREEMAN 43'",55.96,15,2,0,1,0,0,10,2,3,8,2,25,3,7,6,17,347,93,122,132,85,16,186,121,27,17,3,0,12,1,531,465,15,4,5,7,16,0,0,39,167,https://www.fifa.com/en/match-centre/match/17/285023/289273/400021462
400021462,FIFA World Cup,First Stage,Group D,32,6/19/2026,14:00,Australia,USA,0,2,0,,30.34,15,0,2,0,0,0,5,2,3,3,2,8,3,4,2,22,158,53,67,38,75,10,135,74,18,11,4,0,16,0,308,238,20,4,4,4,13,0,1,40,262,https://www.fifa.com/en/match-centre/match/17/285023/289273/400021462
400021469,FIFA World Cup,First Stage,Group E,33,6/20/2026,15:00,Germany,Cabo Verde,2,1,2,"Deniz UNDAV 68', Deniz UNDAV 90+4'",49.52,10,2,1,2,0,2,16,7,7,9,7,28,10,6,4,28,328,102,108,118,136,12,190,151,22,13,0,0,5,0,634,578,20,4,4,8,8,0,0,47,293,https://www.fifa.com/en/match-centre/match/17/285023/289273/400021469
400021469,FIFA World Cup,First Stage,Group E,33,6/20/2026,15:00,Cabo Verde,Germany,1,2,0,Franck KESSIE 30',41.18,10,1,2,1,0,0,9,2,2,5,4,20,2,3,9,11,263,69,121,73,91,9,157,111,12,9,0,0,7,1,449,387,12,4,2,3,5,0,0,43,316,https://www.fifa.com/en/match-centre/match/17/285023/289273/400021469
400021465,FIFA World Cup,First Stage,Group E,34,6/20/2026,19:00,Ecuador,Curacao,0,0,1,,65.81,12,0,0,0,0,0,27,15,9,20,7,36,9,12,8,23,474,113,201,160,149,19,208,152,31,19,1,0,7,1,663,601,33,12,1,9,12,0,0,43,155,https://www.fifa.com/en/match-centre/match/17/285023/289273/400021465
400021465,FIFA World Cup,First Stage,Group E,34,6/20/2026,19:00,Curacao,Ecuador,0,0,1,,23.41,12,0,0,0,0,0,10,3,5,4,6,7,5,4,5,6,153,48,70,35,72,2,140,63,9,1,5,0,10,2,237,167,1,0,1,0,8,0,0,35,345,https://www.fifa.com/en/match-centre/match/17/285023/289273/400021465
400021472,FIFA World Cup,First Stage,Group F,35,6/20/2026,12:00,Netherlands,Sweden,5,1,2,"Brian BROBBEY 5', Brian BROBBEY 17', Cody GAKPO 47', Cody GAKPO 54', Crysencio SUMMERVILLE 89'",48.23,9,5,1,4,1,5,10,7,2,6,4,19,5,8,12,12,314,133,102,79,79,15,163,120,20,14,0,0,9,3,447,398,19,4,3,2,15,0,0,47,232,https://www.fifa.com/en/match-centre/match/17/285023/289273/400021472
400021472,FIFA World Cup,First Stage,Group F,35,6/20/2026,12:00,Sweden,Netherlands,1,5,0,Anthony ELANGA 59',43.31,9,1,5,1,0,1,16,8,5,8,8,8,5,13,8,15,333,92,149,92,108,12,168,110,17,12,3,0,12,3,438,377,23,3,2,5,12,0,0,37,228,https://www.fifa.com/en/match-centre/match/17/285023/289273/400021472
400021475,FIFA World Cup,First Stage,Group F,36,6/20/2026,23:00,Tunisia,Japan,0,4,0,,36.43,9,0,4,0,0,0,2,0,1,1,1,14,1,7,4,8,320,74,132,114,46,8,142,73,13,6,0,0,8,1,376,305,9,1,3,3,16,0,0,34,233,https://www.fifa.com/en/match-centre/match/17/285023/289273/400021475
400021475,FIFA World Cup,First Stage,Group F,36,6/20/2026,23:00,Japan,Tunisia,4,0,2,"Daichi KAMADA 4', Ayase UEDA 31', Junya ITO 69', Ayase UEDA 83'",55.12,9,4,0,3,1,4,10,4,4,5,5,17,2,10,6,35,510,123,168,219,84,10,145,103,16,10,0,0,15,1,593,535,12,3,0,5,9,0,0,35,219,https://www.fifa.com/en/match-centre/match/17/285023/289273/400021475
400021487,FIFA World Cup,First Stage,Group H,37,6/21/2026,17:00,Uruguay,Cabo Verde,2,2,1,"Maxi ARAUJO 44', Agustin CANOBBIO 45+6'",54.91,13,2,2,2,0,1,17,2,13,9,8,22,15,14,12,21,381,150,110,121,99,16,169,112,28,16,2,0,11,3,517,444,27,5,6,11,4,0,0,41,198,https://www.fifa.com/en/match-centre/match/17/285023/289273/400021487
400021487,FIFA World Cup,First Stage,Group H,37,6/21/2026,17:00,Cabo Verde,Uruguay,2,2,1,"KEVIN PINA 21', HELIO VARELA 61'",33.42,13,2,2,0,2,0,12,4,3,3,9,13,5,6,2,4,255,56,108,91,55,2,147,71,10,2,2,0,4,0,293,218,8,2,2,4,13,0,0,46,233,https://www.fifa.com/en/match-centre/match/17/285023/289273/400021487
400021483,FIFA World Cup,First Stage,Group H,38,6/21/2026,11:00,Spain,Saudi Arabia,4,0,2,"Lamine YAMAL 10', Mikel OYARZABAL 21', Mikel OYARZABAL 24', HASSAN ALTAMBAKTI 49' (OG)",63.15,9,4,0,3,0,3,22,8,12,13,9,31,14,7,10,19,545,190,167,188,174,20,234,188,27,18,0,0,10,2,743,688,28,7,9,6,5,0,0,44,214,https://www.fifa.com/en/match-centre/match/17/285023/289273/400021483
400021483,FIFA World Cup,First Stage,Group H,38,6/21/2026,11:00,Saudi Arabia,Spain,0,4,0,,29.99,9,0,4,0,0,0,3,2,1,0,3,9,3,1,2,14,243,64,108,71,80,6,152,90,18,7,2,0,2,3,389,309,4,0,3,1,12,0,1,42,413,https://www.fifa.com/en/match-centre/match/17/285023/289273/400021483
400021477,FIFA World Cup,First Stage,Group G,39,6/21/2026,14:00,Belgium,Iran,0,0,1,,59.21,11,0,0,0,0,0,23,7,9,18,5,30,15,10,9,24,512,178,154,180,136,11,207,139,23,11,1,1,7,3,637,562,35,8,4,4,13,0,0,45,121,https://www.fifa.com/en/match-centre/match/17/285023/289273/400021477
400021477,FIFA World Cup,First Stage,Group G,39,6/21/2026,14:00,Iran,Belgium,0,0,1,,30.15,11,0,0,0,0,0,7,3,3,6,1,9,4,4,3,4,170,64,46,60,62,4,126,42,13,3,1,0,9,4,275,201,11,2,2,2,10,0,0,43,343,https://www.fifa.com/en/match-centre/match/17/285023/289273/400021477
400021480,FIFA World Cup,First Stage,Group G,40,6/21/2026,20:00,New Zealand,Egypt,1,3,0,Finn SURMAN 15',39.36,11,1,3,1,0,1,11,5,2,6,5,18,6,7,2,15,353,92,167,94,92,6,183,104,22,4,2,0,14,3,437,355,13,4,2,4,8,0,0,39,289,https://www.fifa.com/en/match-centre/match/17/285023/289273/400021480
400021480,FIFA World Cup,First Stage,Group G,40,6/21/2026,20:00,Egypt,New Zealand,3,1,2,"MOSTAFA ZICO 58', MOHAMED SALAH 67', TREZEGUET 82'",50.3,11,3,1,3,0,3,19,7,8,12,7,22,11,7,8,25,423,97,150,176,125,10,195,126,23,9,1,0,8,0,544,486,20,6,15,3,17,0,0,51,249,https://www.fifa.com/en/match-centre/match/17/285023/289273/400021480
400021491,FIFA World Cup,First Stage,Group I,41,6/22/2026,19:00,Norway,Senegal,3,2,2,"Marcus HOLMGREN PEDERSEN 43', Erling HAALAND 48', Erling HAALAND 58'",40.12,9,3,2,3,0,2,13,7,3,11,2,6,3,7,7,20,306,64,149,93,100,7,134,76,15,5,0,0,13,0,361,295,11,4,0,5,9,0,0,32,224,https://www.fifa.com/en/match-centre/match/17/285023/289273/400021491
400021491,FIFA World Cup,First Stage,Group I,41,6/22/2026,19:00,Senegal,Norway,2,3,0,"Ismaila SARR 53', Ismaila SARR 90+3'",51.43,9,2,3,2,0,2,16,4,7,10,6,27,6,9,4,14,352,114,106,132,108,10,162,116,21,12,0,0,5,4,504,447,23,9,11,4,13,0,0,36,233,https://www.fifa.com/en/match-centre/match/17/285023/289273/400021491
400021492,FIFA World Cup,First Stage,Group I,42,6/22/2026,16:00,France,Iraq,3,0,2,"Kylian MBAPPE 14', Kylian MBAPPE 54', Ousmane DEMBELE 66'",49.03,7,3,0,2,1,3,19,5,10,12,7,30,8,7,7,23,362,100,107,155,130,18,184,143,28,21,0,0,8,1,604,553,19,2,2,4,4,0,0,42,257,https://www.fifa.com/en/match-centre/match/17/285023/289273/400021492
400021492,FIFA World Cup,First Stage,Group I,42,6/22/2026,16:00,Iraq,France,0,3,0,,44.28,7,0,3,0,0,0,4,0,3,3,1,10,4,2,3,8,482,142,200,140,64,6,171,101,14,6,1,0,4,0,502,431,10,4,4,2,9,0,0,37,304,https://www.fifa.com/en/match-centre/match/17/285023/289273/400021492
400021494,FIFA World Cup,First Stage,Group J,43,6/22/2026,12:00,Argentina,Austria,2,0,2,"Lionel MESSI 38', Lionel MESSI 90+5'",48.16,9,2,0,2,0,1,12,5,4,10,2,17,9,9,2,13,336,83,134,119,93,7,138,99,13,6,2,0,13,2,564,509,6,2,3,1,12,0,0,41,229,https://www.fifa.com/en/match-centre/match/17/285023/289273/400021494
400021494,FIFA World Cup,First Stage,Group J,43,6/22/2026,12:00,Austria,Argentina,0,2,0,,43.46,9,0,2,0,0,0,6,1,4,4,2,21,10,11,6,11,311,92,116,103,97,13,163,105,24,13,2,0,13,0,475,416,18,3,3,3,15,0,0,31,299,https://www.fifa.com/en/match-centre/match/17/285023/289273/400021494
400021499,FIFA World Cup,First Stage,Group J,44,6/22/2026,22:00,Jordan,Algeria,1,2,0,NIZAR ALRASHDAN 36',27.75,11,1,2,1,0,1,8,4,3,4,4,10,4,3,4,18,196,53,96,47,57,12,160,89,20,12,1,0,11,1,270,201,7,2,3,1,6,0,0,47,355,https://www.fifa.com/en/match-centre/match/17/285023/289273/400021499
400021499,FIFA World Cup,First Stage,Group J,44,6/22/2026,22:00,Algeria,Jordan,2,1,2,"Nadhir BENBOUALI 69', Amine GOUIRI 82'",62.17,11,2,1,2,0,1,17,8,5,12,5,27,9,10,11,34,468,147,177,144,112,20,179,118,31,19,1,0,6,0,661,590,20,4,6,10,12,0,0,55,199,https://www.fifa.com/en/match-centre/match/17/285023/289273/400021499
400021506,FIFA World Cup,First Stage,Group L,45,6/23/2026,15:00,England,Ghana,0,0,1,,72.37,8,0,0,0,0,0,19,3,12,14,5,31,5,11,8,30,489,119,173,197,91,14,172,127,23,16,1,0,14,2,652,605,32,8,6,9,26,0,0,25,105,https://www.fifa.com/en/match-centre/match/17/285023/289273/400021506
400021506,FIFA World Cup,First Stage,Group L,45,6/23/2026,15:00,Ghana,England,0,0,1,,20,8,0,0,0,0,0,2,0,0,2,0,6,1,0,2,7,94,40,21,33,36,8,106,52,14,6,1,0,24,2,179,128,5,0,4,2,16,0,0,31,298,https://www.fifa.com/en/match-centre/match/17/285023/289273/400021506
400021511,FIFA World Cup,First Stage,Group L,46,6/23/2026,18:00,Panama,Croatia,0,1,0,,37.16,11,0,1,0,0,0,8,1,4,6,2,19,5,3,7,20,274,75,107,92,93,13,168,99,16,10,1,0,19,1,356,282,27,6,5,7,14,0,0,44,269,https://www.fifa.com/en/match-centre/match/17/285023/289273/400021511
400021511,FIFA World Cup,First Stage,Group L,46,6/23/2026,18:00,Croatia,Panama,1,0,2,Ante BUDIMIR 54',52.48,11,1,0,1,0,1,6,2,4,4,2,15,7,4,4,20,341,141,82,118,83,15,162,96,28,16,1,0,12,2,518,445,18,4,4,2,20,0,0,47,236,https://www.fifa.com/en/match-centre/match/17/285023/289273/400021511
400021503,FIFA World Cup,First Stage,Group K,47,6/23/2026,12:00,Portugal,Uzbekistan,5,0,2,"CRISTIANO RONALDO 6', NUNO MENDES 17', CRISTIANO RONALDO 39', Abduvohid NEMATOV 60' (OG), RAFAEL LEAO 87'",56.13,10,5,0,3,1,2,17,9,5,12,5,24,10,11,13,20,438,132,181,125,136,18,214,158,32,19,1,0,14,2,639,577,24,7,2,3,17,0,0,37,197,https://www.fifa.com/en/match-centre/match/17/285023/289273/400021503
400021503,FIFA World Cup,First Stage,Group K,47,6/23/2026,12:00,Uzbekistan,Portugal,0,5,0,,34.04,10,0,5,0,0,0,7,2,3,4,3,3,6,7,5,13,282,61,137,84,80,4,137,70,13,3,1,0,15,2,347,278,8,0,1,2,16,0,1,49,338,https://www.fifa.com/en/match-centre/match/17/285023/289273/400021503
400021501,FIFA World Cup,First Stage,Group K,48,6/23/2026,21:00,Colombia,Congo DR,1,0,2,Daniel MUNOZ 76',58.5,11,1,0,1,0,1,20,9,6,11,9,24,5,10,5,10,453,136,176,141,98,14,167,121,20,10,2,0,12,7,548,475,14,2,15,5,16,0,0,40,155,https://www.fifa.com/en/match-centre/match/17/285023/289273/400021501
400021501,FIFA World Cup,First Stage,Group K,48,6/23/2026,21:00,Congo DR,Colombia,0,1,0,,32.88,11,0,1,0,0,0,7,1,4,3,4,13,0,8,1,6,268,63,139,66,58,4,138,63,13,6,1,0,16,0,315,236,13,4,2,4,19,0,0,40,300,https://www.fifa.com/en/match-centre/match/17/285023/289273/400021501
400021455,FIFA World Cup,First Stage,Group C,49,6/24/2026,17:00,Scotland,Brazil,0,3,0,,47,7,0,3,0,0,0,12,4,4,8,4,16,7,6,12,16,357,70,146,141,80,6,168,113,12,7,1,0,10,0,520,466,24,10,3,7,11,0,0,33,241,https://www.fifa.com/en/match-centre/match/17/285023/289273/400021455
400021455,FIFA World Cup,First Stage,Group C,49,6/24/2026,17:00,Brazil,Scotland,3,0,2,"VINICIUS JUNIOR 7', VINICIUS JUNIOR 45+3', MATHEUS CUNHA 60'",46,7,3,0,3,0,3,20,8,7,13,7,25,10,11,10,18,383,88,146,149,98,12,165,122,18,9,2,0,10,1,616,571,13,4,0,6,10,0,0,28,227,https://www.fifa.com/en/match-centre/match/17/285023/289273/400021455
400021452,FIFA World Cup,First Stage,Group C,50,6/24/2026,17:00,Morocco,Haiti,4,2,2,"Achraf HAKIMI 39', Ismael SAIBARI 45+1', Soufiane RAHIMI 78', Gessime YASSINE 89'",56,9,4,2,4,0,3,22,11,7,15,7,9,5,6,3,3,165,37,85,43,54,1,117,65,10,3,0,0,10,5,545,473,28,10,1,9,18,0,1,5,331,https://www.fifa.com/en/match-centre/match/17/285023/289273/400021452
400021452,FIFA World Cup,First Stage,Group C,50,6/24/2026,17:00,Haiti,Morocco,2,4,0,"Yassine BOUNOU 10' (OG), Wilson Isidor 43'",35,9,2,4,0,1,1,7,2,3,3,4,15,5,10,2,22,516,153,200,163,114,22,192,157,26,19,3,0,18,0,258,202,2,1,8,1,15,0,0,25,172,https://www.fifa.com/en/match-centre/match/17/285023/289273/400021452
400021451,FIFA World Cup,First Stage,Group B,51,6/24/2026,14:00,Switzerland,Canada,2,1,2,"Ruben VARGAS 46', Johan MANZAMBI 57'",48.79,12,2,1,2,0,2,6,4,1,5,1,12,3,4,6,9,274,72,117,85,65,8,197,115,19,6,1,0,19,1,471,389,8,1,8,2,15,0,0,49,216,https://www.fifa.com/en/match-centre/match/17/285023/289273/400021451
400021451,FIFA World Cup,First Stage,Group B,51,6/24/2026,14:00,Canada,Switzerland,1,2,0,Promise DAVID 76',40.1,12,1,2,1,0,1,13,7,6,11,2,19,9,8,8,19,248,92,86,70,91,8,165,102,16,7,2,0,13,3,353,275,26,8,8,7,20,0,0,50,299,https://www.fifa.com/en/match-centre/match/17/285023/289273/400021451
400021448,FIFA World Cup,First Stage,Group B,52,6/24/2026,14:00,Bosnia and Herzegovina,Qatar,3,1,2,"Kerim ALAJBEGOVIC 29', MAHMOUD ABUNADA 34' (OG), Ermin MAHMIC 80'",48.68,10,3,1,1,1,2,14,5,6,4,10,17,5,14,0,20,369,110,128,131,72,8,156,109,13,8,1,0,9,1,521,461,25,3,4,5,17,0,0,43,248,https://www.fifa.com/en/match-centre/match/17/285023/289273/400021448
400021448,FIFA World Cup,First Stage,Group B,52,6/24/2026,14:00,Qatar,Bosnia and Herzegovina,1,3,0,HASSAN ALHAYDOS 42',42.57,10,1,3,1,0,1,9,3,6,5,4,16,3,6,8,9,333,83,149,101,73,14,209,113,38,14,1,0,14,3,457,388,18,8,6,5,10,0,1,42,264,https://www.fifa.com/en/match-centre/match/17/285023/289273/400021448
400021444,FIFA World Cup,First Stage,Group A,53,6/24/2026,20:00,Czechia,Mexico,0,3,0,,44.71,10,0,3,0,0,0,13,1,8,6,7,13,5,10,1,17,282,74,120,88,70,7,163,100,15,6,0,0,9,1,423,352,20,4,3,5,13,0,0,38,213,https://www.fifa.com/en/match-centre/match/17/285023/289273/400021444
400021444,FIFA World Cup,First Stage,Group A,53,6/24/2026,20:00,Mexico,Czechia,3,0,2,"Mateo CHAVEZ 55', Julian QUINONES 61', Alvaro FIDALGO 90+4'",46.48,10,3,0,3,0,3,11,5,4,9,2,11,3,11,3,15,444,109,199,136,95,6,142,85,14,5,1,0,13,0,394,340,14,2,4,1,10,0,0,35,233,https://www.fifa.com/en/match-centre/match/17/285023/289273/400021444
400021445,FIFA World Cup,First Stage,Group A,54,6/24/2026,20:00,South Africa,Korea Republic,1,0,2,Thapelo MASEKO 63',30.27,10,1,0,1,0,1,13,4,7,5,8,9,3,7,9,7,189,58,88,43,74,3,154,83,12,2,1,0,7,3,345,279,7,1,5,4,9,0,0,40,321,https://www.fifa.com/en/match-centre/match/17/285023/289273/400021445
400021445,FIFA World Cup,First Stage,Group A,54,6/24/2026,20:00,Korea Republic,South Africa,0,1,0,,60.85,10,0,1,0,0,0,8,3,3,5,3,33,5,8,7,29,434,99,178,157,105,16,184,145,24,20,1,0,9,0,718,657,39,8,9,6,10,0,0,28,199,https://www.fifa.com/en/match-centre/match/17/285023/289273/400021445
400021468,FIFA World Cup,First Stage,Group E,55,6/25/2026,15:00,Curacao,Cabo Verde,0,2,0,,37.95,8,0,2,0,0,0,11,2,8,6,5,13,7,6,5,7,227,58,116,53,79,9,136,93,16,9,2,0,11,2,369,312,15,4,2,4,7,0,0,43,299,https://www.fifa.com/en/match-centre/match/17/285023/289273/400021468
400021468,FIFA World Cup,First Stage,Group E,55,6/25/2026,15:00,Cabo Verde,Curacao,2,0,2,"Nicolas PEPE 7', Nicolas PEPE 64'",55.16,8,2,0,2,0,2,7,3,3,7,0,13,6,1,10,18,250,81,97,72,129,12,200,135,27,9,1,0,6,1,644,574,18,4,3,6,13,0,0,44,201,https://www.fifa.com/en/match-centre/match/17/285023/289273/400021468
400021466,FIFA World Cup,First Stage,Group E,56,6/25/2026,15:00,Ecuador,Germany,2,1,2,"Nilson ANGULO 9', Gonzalo PLATA 77'",39.21,10,2,1,1,1,2,7,3,3,5,2,19,8,6,3,17,252,56,85,111,85,8,147,78,23,7,3,0,15,0,389,325,14,4,2,3,10,0,0,49,299,https://www.fifa.com/en/match-centre/match/17/285023/289273/400021466
400021466,FIFA World Cup,First Stage,Group E,56,6/25/2026,15:00,Germany,Ecuador,1,2,0,Leroy SANE 2',51.23,10,1,2,1,0,1,11,3,5,6,5,16,9,11,5,20,340,73,165,102,105,5,188,129,13,4,1,0,10,0,612,537,16,4,1,2,15,0,0,51,231,https://www.fifa.com/en/match-centre/match/17/285023/289273/400021466
400021471,FIFA World Cup,First Stage,Group F,57,6/25/2026,18:00,Japan,Sweden,1,1,1,Daizen MAEDA 56',44.65,12,1,1,1,0,1,8,3,4,4,4,16,5,2,7,13,320,104,135,81,90,6,163,91,22,7,1,0,20,3,454,381,14,4,2,2,13,0,0,42,221,https://www.fifa.com/en/match-centre/match/17/285023/289273/400021471
400021471,FIFA World Cup,First Stage,Group F,57,6/25/2026,18:00,Sweden,Japan,1,1,1,Anthony ELANGA 62',44.6,12,1,1,0,1,1,11,5,5,6,5,10,6,12,8,16,232,73,86,73,75,3,159,86,10,3,2,0,11,2,410,330,16,4,3,8,23,0,0,37,201,https://www.fifa.com/en/match-centre/match/17/285023/289273/400021471
400021473,FIFA World Cup,First Stage,Group F,58,6/25/2026,18:00,Tunisia,Netherlands,1,3,0,Hazem MASTOURI 54',27.53,9,1,3,1,0,1,10,4,5,3,7,4,3,6,3,12,318,116,124,78,69,5,110,65,11,4,0,0,11,2,265,208,13,4,4,4,11,0,1,34,346,https://www.fifa.com/en/match-centre/match/17/285023/289273/400021473
400021473,FIFA World Cup,First Stage,Group F,58,6/25/2026,18:00,Netherlands,Tunisia,3,1,2,"Ellyes SKHIRI 3' (OG), Brian BROBBEY 7', Jan Paul VAN HECKE 62'",64.65,9,3,1,2,0,2,20,7,7,15,5,20,8,19,17,42,391,117,123,151,138,16,173,130,27,16,0,0,10,1,668,619,27,7,3,6,13,0,0,34,173,https://www.fifa.com/en/match-centre/match/17/285023/289273/400021473
400021459,FIFA World Cup,First Stage,Group D,59,6/25/2026,21:00,Turkey,USA,3,2,2,"Arda GULER 10', Baris Alper YILMAZ 31', Kaan Ayhan 90+8'",42.48,10,3,2,3,0,2,8,2,4,7,1,10,7,1,5,25,275,85,109,81,94,11,193,100,23,13,0,0,13,2,456,353,11,1,9,2,18,0,0,50,219,https://www.fifa.com/en/match-centre/match/17/285023/289273/400021459
400021459,FIFA World Cup,First Stage,Group D,59,6/25/2026,21:00,USA,Turkey,2,3,0,"Auston TRUSTY 3', Sebastian BERHALTER 49'",48,10,2,3,1,1,1,18,7,6,15,3,22,7,8,9,14,389,117,149,123,116,15,177,110,24,14,1,0,13,5,495,424,20,7,4,9,15,0,0,47,267,https://www.fifa.com/en/match-centre/match/17/285023/289273/400021459
400021461,FIFA World Cup,First Stage,Group D,60,6/25/2026,21:00,Paraguay,Australia,0,0,1,,42.19,12,0,0,0,0,0,7,2,4,3,4,18,6,3,4,10,233,58,67,108,29,3,142,60,10,3,1,0,9,0,418,345,7,0,4,1,6,0,0,51,284,https://www.fifa.com/en/match-centre/match/17/285023/289273/400021461
400021461,FIFA World Cup,First Stage,Group D,60,6/25/2026,21:00,Australia,Paraguay,0,0,1,,46.18,12,0,0,0,0,0,12,5,5,7,5,12,2,6,7,33,307,60,141,106,106,4,167,100,11,4,1,0,6,0,526,446,13,3,4,3,9,0,0,43,210,https://www.fifa.com/en/match-centre/match/17/285023/289273/400021461
400021489,FIFA World Cup,First Stage,Group I,61,6/26/2026,14:00,Norway,France,1,4,0,Thelo AASGAARD 21',40.98,9,1,4,1,0,1,10,5,4,6,4,11,6,9,6,7,366,93,164,109,104,4,136,82,10,4,1,0,9,1,448,366,9,2,5,4,12,0,0,38,297,https://www.fifa.com/en/match-centre/match/17/285023/289273/400021489
400021489,FIFA World Cup,First Stage,Group I,61,6/26/2026,14:00,France,Norway,4,1,2,"Ousmane DEMBELE 7', Ousmane DEMBELE 20', Ousmane DEMBELE 32', Desire DOUE 90+4'",51.2,9,4,1,3,1,4,18,9,5,9,9,22,5,10,9,22,307,97,98,112,97,23,160,119,25,21,1,0,11,2,549,492,16,4,11,5,10,0,0,43,234,https://www.fifa.com/en/match-centre/match/17/285023/289273/400021489
400021493,FIFA World Cup,First Stage,Group I,62,6/26/2026,14:00,Senegal,Iraq,5,0,2,"Habib DIARRA 4', Ismaila SARR 56', Pape GUEYE 59', Pape GUEYE 71', Iliman NDIAYE 82'",58.62,13,5,0,3,2,5,27,11,11,14,13,28,10,15,10,21,364,123,124,117,133,16,153,120,28,17,2,0,10,1,585,523,29,7,3,12,11,0,0,38,162,https://www.fifa.com/en/match-centre/match/17/285023/289273/400021493
400021493,FIFA World Cup,First Stage,Group I,62,6/26/2026,14:00,Iraq,Senegal,0,5,0,,30.69,13,0,5,0,0,0,6,1,1,1,5,10,2,2,1,7,163,50,68,45,44,4,128,59,13,4,2,1,11,0,280,200,5,0,3,3,11,0,0,43,259,https://www.fifa.com/en/match-centre/match/17/285023/289273/400021493
400021479,FIFA World Cup,First Stage,Group G,63,6/26/2026,22:00,Egypt,Iran,1,1,1,MAHMOUD SABER 5',53.68,11,1,1,1,0,1,15,3,10,8,7,21,10,6,6,18,387,85,110,192,79,13,175,122,26,15,3,0,11,0,588,525,16,3,4,8,19,0,0,52,169,https://www.fifa.com/en/match-centre/match/17/285023/289273/400021479
400021479,FIFA World Cup,First Stage,Group G,63,6/26/2026,22:00,Iran,Egypt,1,1,1,Ramin REZAEIAN 14',36.44,11,1,1,1,0,0,13,3,5,10,3,10,8,8,2,9,236,73,92,71,88,7,159,87,13,5,4,0,16,3,359,280,11,3,5,2,10,0,0,43,278,https://www.fifa.com/en/match-centre/match/17/285023/289273/400021479
400021481,FIFA World Cup,First Stage,Group G,64,6/26/2026,22:00,New Zealand,Belgium,1,5,0,Elijah JUST 84',40.51,10,1,5,1,0,0,6,2,3,3,3,13,4,8,2,8,313,83,124,106,57,5,164,91,24,5,2,0,10,1,450,379,13,1,3,5,7,0,0,32,321,https://www.fifa.com/en/match-centre/match/17/285023/289273/400021481
400021481,FIFA World Cup,First Stage,Group G,64,6/26/2026,22:00,Belgium,New Zealand,5,1,2,"Leandro TROSSARD 28', Leandro TROSSARD 50', Kevin DE BRUYNE 66', Romelu LUKAKU 86', Alexis SAELEMAEKERS 90+4'",50.08,10,5,1,4,1,3,35,10,14,23,12,18,12,10,3,24,445,149,164,132,148,18,208,147,29,18,0,0,7,1,530,475,25,7,6,8,11,0,0,44,249,https://www.fifa.com/en/match-centre/match/17/285023/289273/400021481
400021485,FIFA World Cup,First Stage,Group H,65,6/26/2026,19:00,Cabo Verde,Saudi Arabia,0,0,1,,47.95,12,0,0,0,0,0,15,2,7,10,5,25,5,16,3,16,373,113,156,104,104,12,185,133,22,12,1,0,10,2,465,402,21,5,7,4,16,0,0,53,206,https://www.fifa.com/en/match-centre/match/17/285023/289273/400021485
400021485,FIFA World Cup,First Stage,Group H,65,6/26/2026,19:00,Saudi Arabia,Cabo Verde,0,0,1,,41.86,12,0,0,0,0,0,7,3,1,5,2,13,6,9,2,16,263,92,69,102,85,13,165,95,22,11,3,0,16,0,455,370,12,3,3,2,11,0,0,42,304,https://www.fifa.com/en/match-centre/match/17/285023/289273/400021485
400021484,FIFA World Cup,First Stage,Group H,66,6/26/2026,19:00,Uruguay,Spain,0,1,0,,33.36,11,0,1,0,0,0,5,1,3,2,3,18,7,2,6,10,263,100,115,48,91,14,164,94,25,15,3,1,14,5,305,241,18,1,6,1,16,0,0,53,390,https://www.fifa.com/en/match-centre/match/17/285023/289273/400021484
400021484,FIFA World Cup,First Stage,Group H,66,6/26/2026,19:00,Spain,Uruguay,1,0,2,Alex BAENA 42',57.11,11,1,0,1,0,1,6,1,3,5,1,9,13,12,6,13,408,85,159,164,105,6,186,145,17,10,1,0,14,2,637,570,15,3,3,6,19,0,0,49,215,https://www.fifa.com/en/match-centre/match/17/285023/289273/400021484
400021508,FIFA World Cup,First Stage,Group L,67,6/27/2026,16:00,Panama,England,0,2,0,,33.12,11,0,2,0,0,0,13,2,8,8,5,10,3,3,4,13,191,69,77,45,70,6,171,93,19,5,2,0,16,4,306,231,10,3,3,3,17,0,0,55,283,https://www.fifa.com/en/match-centre/match/17/285023/289273/400021508
400021508,FIFA World Cup,First Stage,Group L,67,6/27/2026,16:00,England,Panama,2,0,2,"Jude BELLINGHAM 62', Harry KANE 67'",57.66,11,2,0,2,0,2,17,6,9,12,5,20,10,7,6,27,481,140,131,210,126,27,198,150,39,30,1,0,13,4,562,500,29,5,6,7,20,0,0,44,228,https://www.fifa.com/en/match-centre/match/17/285023/289273/400021508
400021509,FIFA World Cup,First Stage,Group L,68,6/27/2026,16:00,Croatia,Ghana,2,1,2,"Petar SUCIC 31', Nikola VLASIC 83'",50.84,7,2,1,1,1,2,8,4,2,3,5,21,1,9,2,13,317,78,123,116,71,4,149,94,14,8,1,0,9,1,538,487,15,2,6,3,15,0,0,32,189,https://www.fifa.com/en/match-centre/match/17/285023/289273/400021509
400021509,FIFA World Cup,First Stage,Group L,68,6/27/2026,16:00,Ghana,Croatia,1,2,0,Derrick LUCKASSEN 73',43.07,7,1,2,1,0,1,6,1,3,3,3,13,3,5,7,16,257,99,74,84,57,2,94,53,11,5,1,0,13,2,466,411,11,2,4,2,10,0,0,40,271,https://www.fifa.com/en/match-centre/match/17/285023/289273/400021509
400021497,FIFA World Cup,First Stage,Group J,69,6/27/2026,21:00,Algeria,Austria,3,3,1,"Rafik BELGHALI 45', Riyad Mahrez 60', Riyad Mahrez 90+3'",60.75,7,3,3,3,0,2,12,5,5,6,6,24,5,8,7,15,292,92,98,102,87,5,152,110,13,7,0,0,3,1,775,723,4,1,7,0,10,0,0,39,218,https://www.fifa.com/en/match-centre/match/17/285023/289273/400021497
400021497,FIFA World Cup,First Stage,Group J,69,6/27/2026,21:00,Austria,Algeria,3,3,1,"Marko ARNAUTOVIC 28', Marcel SABITZER 55', Sasa KALAJDZIC 90+6'",33.94,7,3,3,2,1,3,10,3,6,6,4,16,4,5,7,13,196,64,54,78,88,15,122,88,16,10,1,0,7,3,405,355,13,3,0,3,4,0,0,24,305,https://www.fifa.com/en/match-centre/match/17/285023/289273/400021497
400021495,FIFA World Cup,First Stage,Group J,70,6/27/2026,21:00,Jordan,Argentina,1,3,0,MOUSA ALTAMARI 55',27.7,6,1,3,1,0,1,5,1,2,2,3,15,3,4,0,8,250,65,110,75,50,10,129,74,21,11,3,0,13,1,300,239,9,4,0,2,10,0,0,37,471,https://www.fifa.com/en/match-centre/match/17/285023/289273/400021495
400021495,FIFA World Cup,First Stage,Group J,70,6/27/2026,21:00,Argentina,Jordan,3,1,2,"Giovani Lo Celso 19', Lautaro MARTINEZ 31' (P), Lionel MESSI 80'",67.61,6,3,1,1,2,0,13,4,8,7,6,13,4,8,7,26,528,96,233,199,131,8,182,144,17,8,0,0,7,3,824,762,10,4,6,6,12,1,0,42,184,https://www.fifa.com/en/match-centre/match/17/285023/289273/400021495
400021505,FIFA World Cup,First Stage,Group K,71,6/27/2026,18:30,Colombia,Portugal,0,0,1,,51.89,8,0,0,0,0,0,24,7,10,15,9,27,4,8,6,16,394,116,169,109,132,14,184,139,17,13,1,0,12,3,547,491,16,6,6,5,8,0,0,36,218,https://www.fifa.com/en/match-centre/match/17/285023/289273/400021505
400021505,FIFA World Cup,First Stage,Group K,71,6/27/2026,18:30,Portugal,Colombia,0,0,1,,41.39,8,0,0,0,0,0,13,2,7,5,8,20,11,5,2,12,281,83,124,74,98,10,158,121,22,12,0,0,6,2,456,421,14,2,7,2,15,0,0,37,303,https://www.fifa.com/en/match-centre/match/17/285023/289273/400021505
400021500,FIFA World Cup,First Stage,Group K,72,6/27/2026,18:30,Congo DR,Uzbekistan,3,1,2,"Yoane WISSA 68' (P), Fiston MAYELE 78', Yoane WISSA 90+1'",53.04,11,3,1,2,1,1,19,5,12,11,8,32,11,3,6,16,404,128,170,106,105,9,191,121,19,6,3,0,6,3,495,419,25,7,6,2,16,1,0,54,191,https://www.fifa.com/en/match-centre/match/17/285023/289273/400021500
400021500,FIFA World Cup,First Stage,Group K,72,6/27/2026,18:30,Uzbekistan,Congo DR,1,3,0,Eldor SHOMURODOV 10',36.98,11,1,3,1,0,1,3,1,2,2,1,16,4,4,3,16,230,70,106,54,103,6,208,99,21,5,2,0,16,1,378,283,14,4,5,3,9,0,0,54,342,https://www.fifa.com/en/match-centre/match/17/285023/289273/400021500
400021518,FIFA World Cup,Round of 32,,73,6/28/2026,14:00,South Africa,Canada,0,1,0,,55.81,10,0,1,0,0,0,6,1,4,1,5,11,7,4,6,4,304,103,104,97,76,13,219,134,25,13,0,0,10,1,575,486,5,2,6,1,15,0,0,42,221,https://www.fifa.com/en/match-centre/match/17/285023/289287/400021518
400021518,FIFA World Cup,Round of 32,,73,6/28/2026,14:00,Canada,South Africa,1,0,2,Stephen EUSTAQUIO 90+2',35.65,10,1,0,0,1,0,12,7,5,9,3,24,5,10,6,16,253,80,104,69,103,8,150,91,19,7,2,0,16,0,390,314,14,5,0,4,11,0,0,49,344,https://www.fifa.com/en/match-centre/match/17/285023/289287/400021518
400021513,FIFA World Cup,Round of 32,,74,6/29/2026,15:30,Germany,Paraguay,1,1,1,"Kai HAVERTZ 54', Joshua KIMMICH  (P), Jamal MUSIALA  (P), Nadiem Amiri  (P)",65.49,12,1,1,1,0,1,21,6,7,11,10,32,11,12,4,64,478,141,177,160,157,11,233,179,18,10,2,0,18,4,834,752,52,9,2,16,13,0,0,45,164,https://www.fifa.com/en/match-centre/match/17/285023/289287/400021513
400021513,FIFA World Cup,Round of 32,,74,6/29/2026,15:30,Paraguay,Germany,1,1,1,"Julio ENCISO 42', MAURICIO  (P), Gustavo GOMEZ  (P), Matias GALARZA  (P), Jose CANALE  (P)",23.69,12,1,1,1,0,1,7,3,4,6,1,10,9,9,2,9,131,36,57,38,73,7,171,62,26,6,2,0,12,1,264,166,20,6,2,6,21,0,0,59,410,https://www.fifa.com/en/match-centre/match/17/285023/289287/400021513
400021522,FIFA World Cup,Round of 32,,75,6/29/2026,20:00,Netherlands,Morocco,1,1,1,"Cody GAKPO 72', Teun KOOPMEINERS  (P), Wout WEGHORST  (P)",31.07,8,1,1,1,0,1,6,2,2,4,2,11,3,10,5,16,192,74,60,58,68,5,149,75,11,4,0,0,18,3,395,307,10,2,3,5,15,0,0,51,340,https://www.fifa.com/en/match-centre/match/17/285023/289287/400021522
400021522,FIFA World Cup,Round of 32,,75,6/29/2026,20:00,Morocco,Netherlands,1,1,1,"Issa Diop 90+1', Soufiane RAHIMI  (P), Chemsdine TALBI  (P), Ismael SAIBARI  (P)",61.39,8,1,1,1,0,1,11,5,4,5,6,24,7,6,7,35,464,156,130,178,111,11,166,109,20,10,1,0,15,0,891,813,19,4,3,8,21,0,0,52,244,https://www.fifa.com/en/match-centre/match/17/285023/289287/400021522
400021516,FIFA World Cup,Round of 32,,76,6/29/2026,12:00,Brazil,Japan,2,1,2,"CASEMIRO 56', GABRIEL MARTINELLI 90+5'",61.58,9,2,1,2,0,2,19,7,10,12,7,34,13,11,8,27,487,123,151,213,119,11,188,127,23,14,2,0,4,1,715,652,30,7,7,6,13,0,0,40,200,https://www.fifa.com/en/match-centre/match/17/285023/289287/400021516
400021516,FIFA World Cup,Round of 32,,76,6/29/2026,12:00,Japan,Brazil,1,2,0,Kaishu SANO 29',30.26,9,1,2,0,1,0,5,2,2,2,3,9,6,5,3,18,307,64,152,91,71,6,147,89,16,5,3,0,13,0,330,279,12,2,4,2,5,0,0,34,362,https://www.fifa.com/en/match-centre/match/17/285023/289287/400021516
400021523,FIFA World Cup,Round of 32,,77,6/30/2026,16:00,France,Sweden,3,0,2,"Kylian MBAPPE 45', Bradley BARCOLA 53', Kylian MBAPPE 74'",53.55,9,3,0,3,0,3,25,12,10,15,10,28,11,9,9,12,378,110,130,138,134,18,186,146,25,16,0,0,14,3,548,498,22,5,5,9,11,0,0,35,213,https://www.fifa.com/en/match-centre/match/17/285023/289287/400021523
400021523,FIFA World Cup,Round of 32,,77,6/30/2026,16:00,Sweden,France,0,3,0,,38.03,9,0,3,0,0,0,8,3,4,6,2,7,3,10,6,17,250,58,107,85,78,6,156,77,24,6,0,0,10,1,365,296,11,2,1,1,17,0,0,34,258,https://www.fifa.com/en/match-centre/match/17/285023/289287/400021523
400021514,FIFA World Cup,Round of 32,,78,6/30/2026,12:00,Cabo Verde,Norway,1,2,0,Amad DIALLO 74',41.34,9,1,2,1,0,1,14,5,4,10,4,21,3,6,5,19,266,89,88,89,102,17,154,109,28,16,0,0,6,2,406,353,33,8,6,14,9,0,0,45,318,https://www.fifa.com/en/match-centre/match/17/285023/289287/400021514
400021514,FIFA World Cup,Round of 32,,78,6/30/2026,12:00,Norway,Cabo Verde,2,1,2,"Antonio NUSA 39', Erling HAALAND 86'",50.19,9,2,1,2,0,2,9,4,2,8,1,15,4,5,7,21,309,66,173,70,119,4,157,112,15,5,1,0,7,2,492,442,15,7,2,3,8,0,0,31,216,https://www.fifa.com/en/match-centre/match/17/285023/289287/400021514
400021520,FIFA World Cup,Round of 32,,79,6/30/2026,21:00,Mexico,Ecuador,2,0,2,"Julian QUINONES 22', Raul JIMENEZ 31'",37.12,11,2,0,1,1,2,15,3,10,9,6,17,6,5,5,13,275,73,131,71,84,11,146,96,19,10,0,0,10,0,317,259,10,5,1,3,15,0,0,33,215,https://www.fifa.com/en/match-centre/match/17/285023/289287/400021520
400021520,FIFA World Cup,Round of 32,,79,6/30/2026,21:00,Ecuador,Mexico,0,2,0,,52.86,11,0,2,0,0,0,7,1,4,5,2,25,8,10,1,11,243,74,79,90,75,5,162,83,19,7,3,1,14,1,420,353,27,3,4,8,10,0,0,35,191,https://www.fifa.com/en/match-centre/match/17/285023/289287/400021520
400021512,FIFA World Cup,Round of 32,,80,7/1/2026,11:00,England,Congo DR,2,1,2,"Harry KANE 75', Harry KANE 86'",53.46,10,2,1,2,0,2,16,7,4,13,3,27,8,10,4,36,490,135,188,167,119,24,204,161,34,25,1,0,10,0,523,482,42,9,4,5,16,0,0,35,246,https://www.fifa.com/en/match-centre/match/17/285023/289287/400021512
400021512,FIFA World Cup,Round of 32,,80,7/1/2026,11:00,Congo DR,England,1,2,0,Brian CIPENGA 7',37.92,10,1,2,1,0,1,7,2,4,2,5,16,5,2,4,9,312,74,127,111,87,6,170,106,19,9,1,0,12,4,392,326,16,2,3,3,10,0,0,36,336,https://www.fifa.com/en/match-centre/match/17/285023/289287/400021512
400021524,FIFA World Cup,Round of 32,,81,7/1/2026,19:00,USA,Bosnia and Herzegovina,2,0,2,"Folarin BALOGUN 45', Malik TILLMAN 82'",43.98,10,2,0,1,1,0,8,2,5,6,2,17,3,6,8,20,306,106,122,78,87,12,178,105,30,14,0,1,7,3,425,362,19,5,4,4,13,0,0,43,206,https://www.fifa.com/en/match-centre/match/17/285023/289287/400021524
400021524,FIFA World Cup,Round of 32,,81,7/1/2026,19:00,Bosnia and Herzegovina,USA,0,2,0,,47.66,10,0,2,0,0,0,10,3,4,4,6,15,3,1,3,19,286,94,81,111,53,4,117,60,9,5,1,0,13,0,459,381,12,1,5,3,10,0,0,32,208,https://www.fifa.com/en/match-centre/match/17/285023/289287/400021524
400021525,FIFA World Cup,Round of 32,,82,7/1/2026,15:00,Belgium,Senegal,3,2,2,"Romelu LUKAKU 86', Youri TIELEMANS 89', Youri TIELEMANS 120+5' (P)",48.26,10,3,2,3,0,2,19,5,8,10,9,31,7,10,14,23,517,156,191,170,108,12,205,132,22,12,1,0,22,2,695,607,27,7,4,4,13,1,0,45,351,https://www.fifa.com/en/match-centre/match/17/285023/289287/400021525
400021525,FIFA World Cup,Round of 32,,82,7/1/2026,15:00,Senegal,Belgium,2,3,0,"Habib DIARRA 24', Ismaila SARR 51'",42.93,10,2,3,2,0,1,19,5,11,10,9,22,5,9,4,28,420,119,156,145,135,17,255,166,29,16,1,0,12,2,638,555,27,7,6,2,24,0,0,52,352,https://www.fifa.com/en/match-centre/match/17/285023/289287/400021525
400021526,FIFA World Cup,Round of 32,,83,7/2/2026,18:00,Portugal,Croatia,2,1,2,"CRISTIANO RONALDO 68' (P), GONCALO RAMOS 90+4'",55.29,8,2,1,2,0,1,15,3,9,10,5,29,6,10,2,24,356,98,141,117,93,7,151,100,21,7,1,0,6,1,588,538,21,6,3,9,15,1,0,42,257,https://www.fifa.com/en/match-centre/match/17/285023/289287/400021526
400021526,FIFA World Cup,Round of 32,,83,7/2/2026,18:00,Croatia,Portugal,1,2,0,Ivan PERISIC 53',37.75,8,1,2,1,0,0,13,6,5,10,3,11,4,10,1,11,300,102,125,73,90,7,140,82,16,7,2,0,12,4,386,330,21,6,5,5,7,0,0,35,291,https://www.fifa.com/en/match-centre/match/17/285023/289287/400021526
400021519,FIFA World Cup,Round of 32,,84,7/2/2026,14:00,Spain,Austria,3,0,2,"Mikel OYARZABAL 36', Pedro PORRO 66', Mikel OYARZABAL 89'",59.18,8,3,0,3,0,3,23,10,7,14,9,25,8,15,7,24,492,115,203,174,154,11,212,167,25,14,0,0,8,2,643,589,25,8,6,9,20,0,0,51,203,https://www.fifa.com/en/match-centre/match/17/285023/289287/400021519
400021519,FIFA World Cup,Round of 32,,84,7/2/2026,14:00,Austria,Spain,0,3,0,,33.3,8,0,3,0,0,0,5,0,4,4,1,10,4,3,1,4,259,56,115,88,81,5,153,87,12,5,1,0,15,5,360,291,14,4,1,0,10,0,0,41,410,https://www.fifa.com/en/match-centre/match/17/285023/289287/400021519
400021527,FIFA World Cup,Round of 32,,85,7/2/2026,22:00,Switzerland,Algeria,2,0,2,"Breel EMBOLO 10', Dan NDOYE 46'",40.65,9,2,0,2,0,1,11,5,4,9,2,19,7,3,4,12,256,75,95,86,100,9,178,107,22,10,0,0,10,0,451,371,18,5,1,4,14,0,0,56,283,https://www.fifa.com/en/match-centre/match/17/285023/289287/400021527
400021527,FIFA World Cup,Round of 32,,85,7/2/2026,22:00,Algeria,Switzerland,0,2,0,,51.48,9,0,2,0,0,0,8,2,2,5,3,25,7,5,1,17,389,137,141,111,92,7,206,128,19,9,2,0,12,2,571,491,7,3,10,2,10,0,0,47,266,https://www.fifa.com/en/match-centre/match/17/285023/289287/400021527
400021521,FIFA World Cup,Round of 32,,86,7/3/2026,17:00,Argentina,Cabo Verde,3,2,2,"Lionel MESSI 29', Lisandro MARTINEZ 92', DINEY BORGES 111' (OG)",59.24,7,3,2,2,0,2,22,12,5,15,7,28,18,25,11,24,426,135,135,156,146,22,229,189,29,24,1,0,13,3,862,800,19,6,5,8,14,0,0,51,289,https://www.fifa.com/en/match-centre/match/17/285023/289287/400021521
400021521,FIFA World Cup,Round of 32,,86,7/3/2026,17:00,Cabo Verde,Argentina,2,3,0,"DEROY DUARTE 59', SIDNY LOPES CABRAL 103'",34.13,7,2,3,1,1,2,16,5,7,5,11,26,5,9,5,16,377,100,180,97,87,4,177,119,14,5,1,0,12,2,491,425,19,5,3,8,16,0,1,45,415,https://www.fifa.com/en/match-centre/match/17/285023/289287/400021521
400021517,FIFA World Cup,Round of 32,,87,7/3/2026,20:30,Colombia,Ghana,1,0,2,Jhon ARIAS 14',54.59,8,1,0,1,0,1,20,8,10,11,9,22,7,7,10,13,420,115,169,136,102,12,166,110,20,12,2,0,14,2,598,540,17,5,10,3,10,0,0,35,217,https://www.fifa.com/en/match-centre/match/17/285023/289287/400021517
400021517,FIFA World Cup,Round of 32,,87,7/3/2026,20:30,Ghana,Colombia,0,1,0,,38.61,8,0,1,0,0,0,8,0,4,1,7,11,3,5,7,12,195,62,78,55,65,3,166,90,16,3,3,0,10,0,390,329,15,2,3,2,16,0,0,36,297,https://www.fifa.com/en/match-centre/match/17/285023/289287/400021517
400021515,FIFA World Cup,Round of 32,,88,7/3/2026,13:00,Australia,Egypt,1,1,1,"MOHAMED HANY 55' (OG), Jackson IRVINE  (P), Awer MABIL  (P)",35.37,12,1,1,0,0,0,16,2,7,10,6,18,5,11,5,20,381,90,167,124,119,15,216,133,26,11,0,0,12,0,520,428,23,6,4,4,17,0,0,56,373,https://www.fifa.com/en/match-centre/match/17/285023/289287/400021515
400021515,FIFA World Cup,Round of 32,,88,7/3/2026,13:00,Egypt,Australia,1,1,1,"EMAM ASHOUR 13', MAHMOUD SABER  (P), RAMY RABIA  (P), MOHAMED SALAH  (P), HOSSAM ABDELMAGUID  (P)",53.01,12,1,1,1,0,1,14,4,5,8,6,22,8,2,7,34,552,128,194,230,84,15,211,136,27,20,2,0,14,3,729,638,22,3,13,7,12,0,1,42,304,https://www.fifa.com/en/match-centre/match/17/285023/289287/400021515
400021533,FIFA World Cup,Round of 16,,89,7/4/2026,16:00,Paraguay,France,0,1,0,,22.48,12,0,1,0,0,0,5,0,4,1,4,5,4,1,5,7,69,23,32,14,46,2,144,46,16,3,0,0,13,0,191,108,6,0,3,2,10,0,0,40,268,https://www.fifa.com/en/match-centre/match/17/285023/289288/400021533
400021533,FIFA World Cup,Round of 16,,89,7/4/2026,16:00,France,Paraguay,1,0,2,Kylian MBAPPE 70' (P),66.7,12,1,0,1,0,0,15,5,9,5,10,35,6,14,9,31,267,85,82,100,108,11,141,114,13,10,3,0,11,0,587,526,20,0,3,12,12,1,0,37,95,https://www.fifa.com/en/match-centre/match/17/285023/289288/400021533
400021530,FIFA World Cup,Round of 16,,90,7/4/2026,12:00,Canada,Morocco,0,3,0,,37.54,13,0,3,0,0,0,10,3,2,6,4,21,9,10,3,18,292,75,134,83,77,12,167,95,25,12,4,0,24,2,368,282,27,5,2,11,17,0,0,48,273,https://www.fifa.com/en/match-centre/match/17/285023/289288/400021530
400021530,FIFA World Cup,Round of 16,,90,7/4/2026,12:00,Morocco,Canada,3,0,2,"Azzedine OUNAHI 50', Azzedine OUNAHI 82', Soufiane RAHIMI 90+8'",50.68,13,3,0,2,1,3,5,4,1,3,2,5,2,3,3,18,251,82,91,78,64,7,144,85,17,9,4,0,14,3,499,420,6,1,1,1,26,0,0,46,189,https://www.fifa.com/en/match-centre/match/17/285023/289288/400021530
400021532,FIFA World Cup,Round of 16,,91,7/5/2026,15:00,Brazil,Norway,1,2,0,NEYMAR JR 90+10' (P),32.1,8,1,2,1,0,0,14,4,3,9,5,18,1,8,5,14,297,88,109,100,87,8,122,77,25,12,1,0,7,1,347,298,16,0,6,5,5,1,0,38,401,https://www.fifa.com/en/match-centre/match/17/285023/289288/400021532
400021532,FIFA World Cup,Round of 16,,91,7/5/2026,15:00,Norway,Brazil,2,1,2,"Erling HAALAND 79', Erling HAALAND 90'",60.73,8,2,1,1,1,2,9,5,4,7,2,19,5,10,6,25,364,71,164,129,151,8,193,135,15,7,0,0,6,1,683,627,17,3,1,5,8,0,0,28,185,https://www.fifa.com/en/match-centre/match/17/285023/289288/400021532
400021531,FIFA World Cup,Round of 16,,92,7/5/2026,20:00,Mexico,England,2,3,0,"Julian QUINONES 42', Raul JIMENEZ 69' (P)",59.42,10,2,3,2,0,0,20,5,7,12,8,31,8,11,8,24,435,147,143,145,126,8,161,114,18,8,2,0,14,1,485,448,49,11,11,12,6,1,0,33,182,https://www.fifa.com/en/match-centre/match/17/285023/289288/400021531
400021531,FIFA World Cup,Round of 16,,92,7/5/2026,20:00,England,Mexico,3,2,2,"Jude BELLINGHAM 36', Jude BELLINGHAM 38', Harry KANE 60' (P)",31.5,10,3,2,3,0,2,6,5,0,4,2,10,4,8,0,9,227,38,92,97,39,12,129,69,21,9,4,1,7,0,254,204,8,3,2,2,13,1,0,28,243,https://www.fifa.com/en/match-centre/match/17/285023/289288/400021531
400021529,FIFA World Cup,Round of 16,,93,7/6/2026,14:00,Portugal,Spain,0,1,0,,41.69,9,0,1,0,0,0,10,2,6,8,2,19,3,3,7,23,315,73,140,102,108,9,195,127,20,10,2,0,9,2,459,378,12,4,10,3,14,0,0,43,342,https://www.fifa.com/en/match-centre/match/17/285023/289288/400021529
400021529,FIFA World Cup,Round of 16,,93,7/6/2026,14:00,Spain,Portugal,1,0,2,Mikel MERINO 90+1',50.6,9,1,0,1,0,1,15,6,8,7,8,13,14,11,10,16,395,119,142,134,126,17,218,164,24,16,1,0,13,1,548,490,18,1,5,7,11,0,0,55,294,https://www.fifa.com/en/match-centre/match/17/285023/289288/400021529
400021534,FIFA World Cup,Round of 16,,94,7/6/2026,19:00,USA,Belgium,1,4,0,Malik TILLMAN 31',51.23,9,1,4,0,1,0,7,2,4,5,2,32,9,4,12,18,400,107,142,151,78,14,201,155,21,14,2,0,11,0,553,483,13,2,5,3,10,0,0,41,232,https://www.fifa.com/en/match-centre/match/17/285023/289288/400021534
400021534,FIFA World Cup,Round of 16,,94,7/6/2026,19:00,Belgium,USA,4,1,2,"Charles DE KETELAERE 0', Charles DE KETELAERE 33', Hans VANAKEN 57', Romelu LUKAKU 90+3'",40.05,9,4,1,3,1,4,15,7,4,10,5,12,4,8,3,13,239,71,78,90,94,4,176,90,18,7,0,0,9,1,423,340,19,7,8,5,11,0,0,48,295,https://www.fifa.com/en/match-centre/match/17/285023/289288/400021534
400021528,FIFA World Cup,Round of 16,,95,7/7/2026,11:00,Argentina,Egypt,3,2,2,"Cristian ROMERO 79', Lionel MESSI 83', Enzo FERNANDEZ 90+2'",57.06,10,3,2,3,0,3,19,7,9,11,8,20,14,17,10,22,394,125,107,162,126,11,186,152,19,12,0,0,13,3,618,558,26,8,5,6,10,0,0,39,190,https://www.fifa.com/en/match-centre/match/17/285023/289288/400021528
400021528,FIFA World Cup,Round of 16,,95,7/7/2026,11:00,Egypt,Argentina,2,3,0,"YASSER IBRAHIM 15', MOSTAFA ZICO 67'",34.41,10,2,3,2,0,2,5,2,2,4,1,6,2,4,2,15,316,39,164,113,55,1,160,81,13,4,4,0,11,0,382,316,8,2,2,1,16,0,0,27,380,https://www.fifa.com/en/match-centre/match/17/285023/289288/400021528
400021535,FIFA World Cup,Round of 16,,96,7/7/2026,15:00,Switzerland,Colombia,0,0,1,"Granit XHAKA  (P), Zeki AMDOUNI  (P), Cedric ITTEN  (P), Ruben VARGAS  (P)",48.35,8,0,0,0,0,0,7,2,3,4,3,27,6,8,8,15,515,115,223,177,116,12,225,162,28,13,3,0,22,5,641,561,16,1,6,3,25,0,0,49,316,https://www.fifa.com/en/match-centre/match/17/285023/289288/400021535
400021535,FIFA World Cup,Round of 16,,96,7/7/2026,15:00,Colombia,Switzerland,0,0,1,"Juan QUINTERO  (P), Jaminton CAMPAZ  (P), Luis DIAZ  (P)",44.28,8,0,0,0,0,0,15,3,7,9,6,14,3,7,9,15,431,135,159,137,91,7,223,136,20,4,2,0,21,4,562,462,17,3,12,7,27,0,0,52,338,https://www.fifa.com/en/match-centre/match/17/285023/289288/400021535
